date,commit,bench,vsync,unit,queue,fused,gpu_mean,gpu_sd,gpu_p99,gpu_max,dram_bytes
"2026-09-29T21:15:08Z","606133f",1,1,"Forward","graphics",0,2.1669,0.0401,2.6658,2.892,23040000
"2026-09-29T21:15:08Z","606133f",1,0,"Forward","graphics",0,1.4826,0.2302,2.5968,3.0933,23040000
"2026-09-29T21:15:08Z","606133f",2,1,"Forward","graphics",0,1.1774,0.1768,2.287,2.387,23040000
"2026-09-29T21:15:08Z","606133f",2,0,"Forward","graphics",0,1.0144,0.0298,1.6365,2.1675,23040000
"2026-09-29T21:15:08Z","606133f",3,1,"Forward","graphics",0,5.0369,0.0707,6.0466,14.333,23040000
"2026-09-29T21:15:08Z","606133f",3,0,"Forward","graphics",0,2.3301,0.2349,5.9561,7.0615,23040000
"2026-09-29T21:15:08Z","606133f",4,1,"Forward","graphics",0,1.6901,0.078,2.6541,2.7713,23040000
"2026-09-29T21:15:08Z","606133f",4,0,"Forward","graphics",0,1.3751,0.0402,2.3401,2.5622,23040000
"2026-09-29T21:15:08Z","606133f",5,1,"Forward","graphics",0,63.3534,1.7087,114.2277,125.1822,23040000
"2026-09-29T21:15:08Z","606133f",5,0,"Forward","graphics",0,67.5095,0.4205,112.2219,123.8328,23040000
"2026-09-29T21:15:08Z","606133f",6,1,"Forward","graphics",0,0.8074,0.0107,1.3321,1.6165,23040000
"2026-09-29T21:15:08Z","606133f",6,0,"Forward","graphics",0,0.3987,0.0081,1.6348,2.3782,23040000
"2026-09-29T21:15:08Z","606133f",7,1,"Forward","graphics",0,2.953,0.1433,3.9513,4.3854,23040000
"2026-09-29T21:15:08Z","606133f",7,0,"Forward","graphics",0,1.3573,0.2508,3.7582,5.5375,23040000
"2026-10-04T18:32:23Z","91c9929",1,1,"Scene update","graphics",0,0.013,0.0001,0.0145,0.0258,44352
"2026-10-04T18:32:23Z","91c9929",1,1,"Scene transforms","graphics",0,0.0095,0.0005,0.0129,0.0508,46720
"2026-10-04T18:32:23Z","91c9929",1,1,"Instance cull","graphics",0,0.0858,0.0284,0.4863,0.5125,25728
"2026-10-04T18:32:23Z","91c9929",1,1,"Draw build","graphics",0,0.1278,0.0151,0.4937,0.5141,25728
"2026-10-04T18:32:23Z","91c9929",1,1,"Forward","graphics",0,1.2301,0.0406,1.4887,1.5181,23063360
"2026-10-04T18:32:23Z","91c9929",1,0,"Scene update","graphics",0,0.0125,0.0001,0.0135,0.014,44352
"2026-10-04T18:32:23Z","91c9929",1,0,"Scene transforms","graphics",0,0.0085,0.0002,0.0095,0.0137,46720
"2026-10-04T18:32:23Z","91c9929",1,0,"Instance cull","graphics",0,0.0244,0.0001,0.0282,0.0394,25728
"2026-10-04T18:32:23Z","91c9929",1,0,"Draw build","graphics",0,0.0309,0.0001,0.0338,0.0426,25728
"2026-10-04T18:32:23Z","91c9929",1,0,"Forward","graphics",0,1.0297,0.0044,1.0515,1.0678,23063360
"2026-10-04T18:32:23Z","91c9929",2,1,"Scene update","graphics",0,0.0103,0.0001,0.0116,0.0186,43256
"2026-10-04T18:32:23Z","91c9929",2,1,"Scene transforms","graphics",0,0.0084,0.0002,0.0095,0.0128,45512
"2026-10-04T18:32:23Z","91c9929",2,1,"Instance cull","graphics",0,0.0627,0.0074,0.4898,0.5447,25012
"2026-10-04T18:32:23Z","91c9929",2,1,"Draw build","graphics",0,0.1547,0.0391,0.5057,0.5237,25012
"2026-10-04T18:32:23Z","91c9929",2,1,"Forward","graphics",0,0.667,0.0245,0.9774,1.032,23062756
"2026-10-04T18:32:23Z","91c9929",2,0,"Scene update","graphics",0,0.0096,0.0001,0.0105,0.0213,43256
"2026-10-04T18:32:23Z","91c9929",2,0,"Scene transforms","graphics",0,0.0078,0.0001,0.0137,0.0154,45512
"2026-10-04T18:32:23Z","91c9929",2,0,"Instance cull","graphics",0,0.0257,0.0003,0.0361,0.0426,25012
"2026-10-04T18:32:23Z","91c9929",2,0,"Draw build","graphics",0,0.031,0.0012,0.0338,0.0478,25012
"2026-10-04T18:32:23Z","91c9929",2,0,"Forward","graphics",0,0.4883,0.0008,0.5198,0.5371,23062756
"2026-10-04T18:32:23Z","91c9929",3,1,"Scene update","graphics",0,0.008,0.0003,0.0086,0.3998,43000256
"2026-10-04T18:32:23Z","91c9929",3,1,"Scene transforms","graphics",0,0.0095,0.0003,0.0105,0.4179,45000512
"2026-10-04T18:32:23Z","91c9929",3,1,"Instance cull","graphics",0,0.2092,0.0031,0.5855,0.637,24500512
"2026-10-04T18:32:23Z","91c9929",3,1,"Draw build","graphics",0,0.0353,0.0007,0.0468,0.0523,24500512
"2026-10-04T18:32:23Z","91c9929",3,1,"Forward","graphics",0,5.1859,0.1257,5.3935,5.4598,45540256
"2026-10-04T18:32:23Z","91c9929",3,0,"Scene update","graphics",0,0.0077,0.0006,0.008,0.0203,43000256
"2026-10-04T18:32:23Z","91c9929",3,0,"Scene transforms","graphics",0,0.0088,0.0002,0.01,0.016,45000512
"2026-10-04T18:32:23Z","91c9929",3,0,"Instance cull","graphics",0,0.1843,0.0007,0.2057,0.2296,24500512
"2026-10-04T18:32:23Z","91c9929",3,0,"Draw build","graphics",0,0.0328,0.0006,0.0413,0.0481,24500512
"2026-10-04T18:32:23Z","91c9929",3,0,"Forward","graphics",0,4.9308,0.0008,4.9842,5.048,45540256
"2026-10-04T18:32:23Z","91c9929",4,1,"Scene update","graphics",0,0.0079,0.0001,0.0098,0.0151,2274432
"2026-10-04T18:32:23Z","91c9929",4,1,"Scene transforms","graphics",0,0.0099,0.0005,0.0114,0.4821,2386688
"2026-10-04T18:32:23Z","91c9929",4,1,"Instance cull","graphics",0,0.1005,0.0073,0.5564,0.5769,1305600
"2026-10-04T18:32:23Z","91c9929",4,1,"Draw build","graphics",0,0.1726,0.0028,0.5442,0.5651,1305600
"2026-10-04T18:32:23Z","91c9929",4,1,"Forward","graphics",0,2.1119,0.0079,2.3856,2.4492,24233344
"2026-10-04T18:32:23Z","91c9929",4,0,"Scene update","graphics",0,0.0074,0,0.0083,0.01,2274432
"2026-10-04T18:32:23Z","91c9929",4,0,"Scene transforms","graphics",0,0.0092,0.0002,0.0106,0.0172,2386688
"2026-10-04T18:32:23Z","91c9929",4,0,"Instance cull","graphics",0,0.0319,0.0007,0.0428,0.057,1305600
"2026-10-04T18:32:23Z","91c9929",4,0,"Draw build","graphics",0,0.0321,0.0006,0.0362,0.0436,1305600
"2026-10-04T18:32:23Z","91c9929",4,0,"Forward","graphics",0,1.9549,0.0016,1.9728,1.9835,24233344
"2026-10-04T18:32:23Z","91c9929",5,1,"Scene update","graphics",0,0.009,0.001,0.0354,0.1945,66432
"2026-10-04T18:32:23Z","91c9929",5,1,"Scene transforms","graphics",0,0.0028,0,0.0053,0.0056,69888
"2026-10-04T18:32:23Z","91c9929",5,1,"Instance cull","graphics",0,0.0073,0.0001,0.0126,0.0198,38400
"2026-10-04T18:32:23Z","91c9929",5,1,"Draw build","graphics",0,0.0099,0.0003,0.0188,0.0195,38400
"2026-10-04T18:32:23Z","91c9929",5,1,"Forward","graphics",0,52.201,0.4542,55.6972,57.5307,23074944
"2026-10-04T18:32:23Z","91c9929",5,0,"Scene update","graphics",0,0.0101,0.0003,0.0358,0.1334,66432
"2026-10-04T18:32:23Z","91c9929",5,0,"Scene transforms","graphics",0,0.0028,0,0.0053,0.0069,69888
"2026-10-04T18:32:23Z","91c9929",5,0,"Instance cull","graphics",0,0.0073,0.0002,0.0127,0.0135,38400
"2026-10-04T18:32:23Z","91c9929",5,0,"Draw build","graphics",0,0.0101,0.0004,0.019,0.02,38400
"2026-10-04T18:32:23Z","91c9929",5,0,"Forward","graphics",0,51.4671,0.1199,54.8997,56.12,23074944
"2026-10-04T18:32:23Z","91c9929",6,1,"Scene update","graphics",0,0.013,0.0001,0.0154,0.028,44352
"2026-10-04T18:32:23Z","91c9929",6,1,"Scene transforms","graphics",0,0.0095,0.0007,0.0136,0.4432,46720
"2026-10-04T18:32:23Z","91c9929",6,1,"Instance cull","graphics",0,0.0636,0.0059,0.477,0.5213,25728
"2026-10-04T18:32:23Z","91c9929",6,1,"Draw build","graphics",0,0.1143,0.0099,0.4857,0.5101,25728
"2026-10-04T18:32:23Z","91c9929",6,1,"Forward","graphics",0,0.8606,0.0078,1.0565,1.1035,23063360
"2026-10-04T18:32:23Z","91c9929",6,0,"Scene update","graphics",0,0.0124,0.0001,0.0131,0.0169,44352
"2026-10-04T18:32:23Z","91c9929",6,0,"Scene transforms","graphics",0,0.0085,0.0002,0.0094,0.0126,46720
"2026-10-04T18:32:23Z","91c9929",6,0,"Instance cull","graphics",0,0.0243,0.0002,0.028,0.039,25728
"2026-10-04T18:32:23Z","91c9929",6,0,"Draw build","graphics",0,0.0293,0.0003,0.0346,0.0426,25728
"2026-10-04T18:32:23Z","91c9929",6,0,"Forward","graphics",0,0.6459,0.005,0.6699,0.6917,23063360
"2026-10-04T18:32:23Z","91c9929",7,1,"Scene update","graphics",0,0.0078,0,0.0095,0.0145,4322336
"2026-10-04T18:32:23Z","91c9929",7,1,"Scene transforms","graphics",0,0.0094,0.0004,0.0105,0.426,4523680
"2026-10-04T18:32:23Z","91c9929",7,1,"Instance cull","graphics",0,0.0889,0.0199,0.5264,0.5487,2463184
"2026-10-04T18:32:23Z","91c9929",7,1,"Draw build","graphics",0,0.1142,0.0136,0.5063,0.5342,2463184
"2026-10-04T18:32:23Z","91c9929",7,1,"Forward","graphics",0,2.4175,0.0064,2.6805,2.7449,25301840
"2026-10-04T18:32:23Z","91c9929",7,0,"Scene update","graphics",0,0.0075,0.0003,0.009,0.0095,4322336
"2026-10-04T18:32:23Z","91c9929",7,0,"Scene transforms","graphics",0,0.0083,0.0002,0.0095,0.016,4523680
"2026-10-04T18:32:23Z","91c9929",7,0,"Instance cull","graphics",0,0.0312,0.0008,0.0361,0.0461,2463184
"2026-10-04T18:32:23Z","91c9929",7,0,"Draw build","graphics",0,0.0298,0.0015,0.033,0.0412,2463184
"2026-10-04T18:32:23Z","91c9929",7,0,"Forward","graphics",0,2.1106,0.0518,2.2077,2.3483,25301840
"2026-10-04T18:32:23Z","91c9929",8,1,"Scene update","graphics",0,0.0122,0.0007,0.1583,0.3797,430004480
"2026-10-04T18:32:23Z","91c9929",8,1,"Scene transforms","graphics",0,0.6094,0.0185,1.1729,1.2573,450006336
"2026-10-04T18:32:23Z","91c9929",8,1,"Instance cull","graphics",0,0.2716,0.0046,0.3859,0.4888,245005024
"2026-10-04T18:32:23Z","91c9929",8,1,"Draw build","graphics",0,0.0117,0.0007,0.0172,0.094,245005024
"2026-10-04T18:32:23Z","91c9929",8,1,"Forward","graphics",0,4.9607,0.0283,5.3032,5.4788,248043168
"2026-10-04T18:32:23Z","91c9929",8,0,"Scene update","graphics",0,0.0109,0.0002,0.0258,0.0302,430004480
"2026-10-04T18:32:23Z","91c9929",8,0,"Scene transforms","graphics",0,0.7219,0.0026,1.0355,1.0897,450006336
"2026-10-04T18:32:23Z","91c9929",8,0,"Instance cull","graphics",0,0.3032,0.0037,0.3671,0.4545,245005024
"2026-10-04T18:32:23Z","91c9929",8,0,"Draw build","graphics",0,0.0115,0.0002,0.0173,0.0314,245005024
"2026-10-04T18:32:23Z","91c9929",8,0,"Forward","graphics",0,5.1402,0.064,5.5332,5.7834,248043168
