date,commit,dirty,machine,chip,macos,power,bench,name,resolution,vsync,ui,frames,runs,frame_mean,frame_sd,frame_p99,cpu_mean,cpu_sd,cpu_p99,gpu_mean,gpu_sd,gpu_p99,gpupass_mean,gpupass_sd,gpupass_p99,gpu_allocations_max,cpu_heap_bytes_delta_max,cpu_heap_blocks_delta_max
"2026-09-29T21:15:08Z","606133f",0,"Mac17,6","Apple M5 Max","27.2","AC",1,"Torus Demo","3200x1800",1,0,600,3,8.3472,0.0137,10.3057,0.36,0.0366,0.5876,2.18,0.0395,2.6916,2.1669,0.0401,2.6658,0,144352,2142
"2026-09-29T21:15:08Z","606133f",0,"Mac17,6","Apple M5 Max","27.2","AC",1,"Torus Demo","3200x1800",0,0,600,3,3.8898,0.2436,11.5015,0.25,0.0061,0.487,2.4016,0.3968,3.6258,1.4826,0.2302,2.5968,0,205264,3066
"2026-09-29T21:15:08Z","606133f",0,"Mac17,6","Apple M5 Max","27.2","AC",2,"PBR Material Grid","3200x1800",1,0,600,3,8.371,0.0216,11.316,0.3677,0.0979,0.687,1.1894,0.1785,2.3087,1.1774,0.1768,2.287,0,132816,2052
"2026-09-29T21:15:08Z","606133f",0,"Mac17,6","Apple M5 Max","27.2","AC",2,"PBR Material Grid","3200x1800",0,0,600,3,4.1221,0.147,12.0329,0.3036,0.0404,0.544,1.4947,0.0533,2.6741,1.0144,0.0298,1.6365,0,741552,5996
"2026-09-29T21:15:08Z","606133f",0,"Mac17,6","Apple M5 Max","27.2","AC",3,"Stress Test (100K)","3200x1800",1,0,600,3,8.3336,0.0015,10.5667,4.7239,0.0124,5.8743,5.0976,0.0538,6.0518,5.0369,0.0707,6.0466,0,146352,2251
"2026-09-29T21:15:08Z","606133f",0,"Mac17,6","Apple M5 Max","27.2","AC",3,"Stress Test (100K)","3200x1800",0,0,600,3,4.2116,0.0667,10.7594,2.3936,0.0399,4.1344,2.879,0.4607,5.7591,2.3301,0.2349,5.9561,0,186736,2871
"2026-09-29T21:15:08Z","606133f",0,"Mac17,6","Apple M5 Max","27.2","AC",4,"Scene Viewer (glTF)","3200x1800",1,0,600,3,8.3561,0.0407,9.7445,0.388,0.0761,0.523,1.7025,0.0806,2.6642,1.6901,0.078,2.6541,0,733648,5905
"2026-09-29T21:15:08Z","606133f",0,"Mac17,6","Apple M5 Max","27.2","AC",4,"Scene Viewer (glTF)","3200x1800",0,0,600,3,4.1806,0.0242,9.674,0.1776,0.0279,0.4162,2.1145,0.0871,3.1099,1.3751,0.0402,2.3401,0,182368,2725
"2026-09-29T21:15:08Z","606133f",0,"Mac17,6","Apple M5 Max","27.2","AC",5,"Many Lights (1024)","3200x1800",1,0,600,3,57.324,0.9741,120.7442,0.1503,0.0466,0.1858,104.9538,2.4459,165.9823,63.3534,1.7087,114.2277,0,128448,1932
"2026-09-29T21:15:08Z","606133f",0,"Mac17,6","Apple M5 Max","27.2","AC",5,"Many Lights (1024)","3200x1800",0,0,600,3,56.4503,0.306,120.176,0.1161,0.0015,0.1727,103.6773,0.74,166.6185,67.5095,0.4205,112.2219,0,151056,2261
"2026-09-29T21:15:08Z","606133f",0,"Mac17,6","Apple M5 Max","27.2","AC",6,"Cornell Box (GI)","3200x1800",1,0,600,3,8.3332,0.0002,9.7203,0.2364,0.0102,0.495,0.8241,0.0139,1.3401,0.8074,0.0107,1.3321,0,134112,2060
"2026-09-29T21:15:08Z","606133f",0,"Mac17,6","Apple M5 Max","27.2","AC",6,"Cornell Box (GI)","3200x1800",0,0,600,3,2.5818,0.1038,10.7254,0.1056,0.0024,0.2098,0.5716,0.0152,1.9622,0.3987,0.0081,1.6348,0,216240,3179
"2026-09-29T21:15:08Z","606133f",0,"Mac17,6","Apple M5 Max","27.2","AC",7,"Culling Visualization","3200x1800",1,0,600,3,8.3332,0,9.7099,0.9259,0.0396,1.4149,2.9644,0.1442,3.9795,2.953,0.1433,3.9513,0,102896,1658
"2026-09-29T21:15:08Z","606133f",0,"Mac17,6","Apple M5 Max","27.2","AC",7,"Culling Visualization","3200x1800",0,0,600,3,3.1274,0.2319,11.6993,0.7718,0.0751,1.145,1.8242,0.416,5.2401,1.3573,0.2508,3.7582,0,242080,3695
"2026-10-04T18:32:23Z","91c9929",0,"Mac17,6","Apple M5 Max","27.2","AC",1,"Torus Demo","3200x1800",1,0,600,3,8.3331,0.0001,8.5789,0.237,0.0076,0.3697,1.474,0.0006,1.6024,1.4663,0.0006,1.5944,0,9424,-36
"2026-10-04T18:32:23Z","91c9929",0,"Mac17,6","Apple M5 Max","27.2","AC",1,"Torus Demo","3200x1800",0,0,600,3,12.5,0.0002,16.5121,0.2791,0.0165,0.3614,1.1131,0.0045,1.1345,1.106,0.0046,1.1272,0,-4320,-70
"2026-10-04T18:32:23Z","91c9929",0,"Mac17,6","Apple M5 Max","27.2","AC",2,"PBR Material Grid","3200x1800",1,0,600,3,8.3334,0.0003,8.6476,0.2705,0.0143,0.5016,0.9109,0.0299,1.074,0.9032,0.0299,1.0667,0,8960,-41
"2026-10-04T18:32:23Z","91c9929",0,"Mac17,6","Apple M5 Max","27.2","AC",2,"PBR Material Grid","3200x1800",0,0,600,3,12.5001,0.0003,16.5718,0.3051,0.0091,0.4224,0.5695,0.0016,0.5991,0.5625,0.0016,0.5921,0,3008,-47
"2026-10-04T18:32:23Z","91c9929",0,"Mac17,6","Apple M5 Max","27.2","AC",3,"Stress Test (100K)","3200x1800",1,0,600,3,8.3331,0.0002,8.5912,0.3692,0.0075,0.4813,5.4556,0.1229,5.647,5.4479,0.1229,5.6387,0,8880,-42
"2026-10-04T18:32:23Z","91c9929",0,"Mac17,6","Apple M5 Max","27.2","AC",3,"Stress Test (100K)","3200x1800",0,0,600,3,12.5,0.0001,16.3504,0.3756,0.0058,0.4612,5.1717,0.0012,5.2277,5.1645,0.0012,5.2204,0,3184,-45
"2026-10-04T18:32:23Z","91c9929",0,"Mac17,6","Apple M5 Max","27.2","AC",4,"Scene Viewer (glTF)","3200x1800",1,0,600,3,8.3334,0.0003,8.6743,0.268,0.0045,0.3719,2.4107,0.0035,2.5304,2.4027,0.0035,2.5219,0,1904,-44
"2026-10-04T18:32:23Z","91c9929",0,"Mac17,6","Apple M5 Max","27.2","AC",4,"Scene Viewer (glTF)","3200x1800",0,0,600,3,12.4999,0.0002,16.605,0.3498,0.0026,0.4258,2.0427,0.003,2.0612,2.0354,0.0029,2.0541,0,3120,-50
"2026-10-04T18:32:23Z","91c9929",0,"Mac17,6","Apple M5 Max","27.2","AC",5,"Many Lights (1024)","3200x1800",1,0,600,3,52.2359,0.469,58.421,0.1221,0.0071,0.1482,100.0767,0.9724,106.4508,52.23,0.4542,55.7175,0,10480,-56
"2026-10-04T18:32:23Z","91c9929",0,"Mac17,6","Apple M5 Max","27.2","AC",5,"Many Lights (1024)","3200x1800",0,0,600,3,51.5045,0.1213,58.3725,0.1263,0.0097,0.1415,82.1522,0.2012,87.8105,51.4974,0.12,54.92,0,12624,-47
"2026-10-04T18:32:23Z","91c9929",0,"Mac17,6","Apple M5 Max","27.2","AC",6,"Cornell Box (GI)","3200x1800",1,0,600,3,8.333,0.0002,8.5481,0.251,0.0024,0.3929,1.0687,0.0074,1.2081,1.061,0.0074,1.1997,0,2880,-52
"2026-10-04T18:32:23Z","91c9929",0,"Mac17,6","Apple M5 Max","27.2","AC",6,"Cornell Box (GI)","3200x1800",0,0,600,3,12.4907,0.016,16.5007,0.2808,0.006,0.3539,0.7275,0.0047,0.7505,0.7204,0.0047,0.7435,0,8912,-42
"2026-10-04T18:32:23Z","91c9929",0,"Mac17,6","Apple M5 Max","27.2","AC",7,"Culling Visualization","3200x1800",1,0,600,3,8.3333,0.0001,8.5452,0.2562,0.0057,0.4322,2.6455,0.0033,2.7939,2.6378,0.0032,2.7861,0,6912,-43
"2026-10-04T18:32:23Z","91c9929",0,"Mac17,6","Apple M5 Max","27.2","AC",7,"Culling Visualization","3200x1800",0,0,600,3,12.5001,0.0002,16.5397,0.2833,0.0083,0.3394,2.1942,0.0531,2.2945,2.1873,0.053,2.2877,0,1072,-57
"2026-10-04T18:32:23Z","91c9929",0,"Mac17,6","Apple M5 Max","27.2","AC",8,"1M Instances (dynamic)","3200x1800",1,0,600,3,8.3339,0.0004,8.9369,2.8727,0.0175,3.9294,5.9199,0.006,6.5776,5.8656,0.0063,6.5696,0,9088,-38
"2026-10-04T18:32:23Z","91c9929",0,"Mac17,6","Apple M5 Max","27.2","AC",8,"1M Instances (dynamic)","3200x1800",0,0,600,3,12.4998,0.0003,16.4195,3.5563,0.0372,4.651,6.1918,0.0639,6.7952,6.1877,0.0638,6.792,0,6112,-57
